id,symbol
93334,C-ETH-4180-050925
93333,P-ETH-4180-050925
93332,C-BTC-113000-030925
93331,P-BTC-113000-030925
93330,C-BTC-112400-050925
93329,P-BTC-112400-050925
93328,C-BTC-112200-040925
93327,P-BTC-112200-040925
93326,C-BTC-112200-050925
93325,P-BTC-112200-050925
93324,C-BTC-114400-040925
93323,C-BTC-113600-030925
93322,P-BTC-113600-030925
93321,C-BTC-121000-190925
93320,P-BTC-124000-311025
93319,C-BTC-112600-030925
93318,P-BTC-112600-030925
93317,C-BTC-112500-190925
93316,P-BTC-112500-190925
93315,C-BTC-111800-040925
93314,P-BTC-111800-040925
93313,C-BTC-111800-050925
93312,P-BTC-111800-050925
93311,C-BTC-112200-030925
93310,P-BTC-112200-030925
93309,C-BTC-111600-050925
93308,P-BTC-111600-050925
93307,C-BTC-111800-030925
93306,P-BTC-111800-030925
93305,C-BTC-111200-050925
93304,C-BTC-111400-050925
93303,P-BTC-111200-050925
93302,P-BTC-111400-050925
93301,C-BTC-114000-040925
93300,P-BTC-114000-040925
93299,C-BTC-113200-030925
93298,P-BTC-113200-030925
93297,C-BTC-113600-040925
93296,P-BTC-113600-040925
93295,C-BTC-112800-030925
93294,P-BTC-112800-030925
93293,P-BTC-119000-190925
93292,C-ETH-4220-050925
93291,P-ETH-4220-050925
93290,C-BTC-108200-050925
93289,P-BTC-108200-050925
93288,C-BTC-108400-050925
93287,P-BTC-108400-050925
93286,C-BTC-108600-050925
93285,P-BTC-108600-050925
93284,C-ETH-4240-050925
93283,P-ETH-4240-050925
93282,C-ETH-4260-050925
93281,P-ETH-4260-050925
93280,C-BTC-108800-050925
93279,P-BTC-108800-050925
93278,C-ETH-4280-050925
93277,C-ETH-4320-050925
93276,C-ETH-4340-050925
93275,C-ETH-4360-050925
93274,C-ETH-4380-050925
93273,C-ETH-4420-050925
93272,C-ETH-4440-050925
93271,C-ETH-4460-050925
93270,P-ETH-4280-050925
93269,P-ETH-4320-050925
93268,P-ETH-4340-050925
93267,P-ETH-4360-050925
93266,P-ETH-4380-050925
93265,P-ETH-4420-050925
93264,P-ETH-4440-050925
93263,P-ETH-4460-050925
93262,C-BTC-109200-050925
93261,C-BTC-109400-050925
93260,C-BTC-109600-050925
93259,C-BTC-109800-050925
93258,C-BTC-110200-050925
93257,C-BTC-110400-050925
93256,C-BTC-110600-050925
93255,C-BTC-110800-050925
93254,P-BTC-109200-050925
93253,P-BTC-109400-050925
93252,P-BTC-109600-050925
93251,P-BTC-109800-050925
93250,P-BTC-110200-050925
93249,P-BTC-110400-050925
93248,P-BTC-110600-050925
93247,P-BTC-110800-050925
93246,C-BTC-111400-040925
93245,P-BTC-111400-040925
93244,C-BTC-111400-030925
93243,P-BTC-111400-030925
93241,P-BTC-113200-040925
93238,C-BTC-111000-040925
93237,P-BTC-111000-040925
93236,C-BTC-111000-030925
93235,P-BTC-111000-030925
93232,C-BTC-113200-040925
93231,C-BTC-112800-040925
93230,P-BTC-112800-040925
93229,C-BTC-110600-040925
93228,P-BTC-110600-040925
93225,C-BTC-107000-040925
93224,P-BTC-107000-040925
93223,C-ETH-4000-040925
93222,P-BTC-104400-040925
93221,C-BTC-104400-040925
93220,C-BTC-107400-040925
93219,P-BTC-104800-040925
93218,P-BTC-107400-040925
93217,C-BTC-104800-040925
93216,C-BTC-107600-040925
93215,P-BTC-107600-040925
93214,P-BTC-105200-040925
93213,C-ETH-4180-040925
93212,P-ETH-4180-040925
93211,C-ETH-4180-030925
93210,P-ETH-4180-030925
93207,C-ETH-4040-040925
93206,P-ETH-4040-040925
93205,C-ETH-4080-030925
93204,P-ETH-4080-030925
93203,P-ETH-4080-040925
93202,C-ETH-4120-030925
93201,P-ETH-4120-030925
93200,C-ETH-4080-040925
93199,C-ETH-4220-040925
93198,P-ETH-4220-040925
93197,C-ETH-4220-030925
93196,P-ETH-4220-030925
93193,P-ETH-4120-040925
93192,C-ETH-4120-040925
93191,C-ETH-4260-040925
93190,P-ETH-4260-040925
93189,C-ETH-4260-030925
93188,P-ETH-4260-030925
93187,C-BTC-105200-040925
93186,C-ETH-4280-040925
93185,P-ETH-4280-040925
93184,P-ETH-4160-040925
93183,P-BTC-112400-040925
93182,C-BTC-110200-040925
93181,P-BTC-110200-040925
93180,C-BTC-112400-040925
93179,WLFIUSD
93178,P-BTC-112000-040925
93177,C-ETH-4500-040925
93176,P-ETH-4500-040925
93175,C-BTC-109800-040925
93174,P-BTC-109800-040925
93173,P-BTC-105600-040925
93172,C-ETH-4640-040925
93171,P-ETH-4640-040925
93170,C-BTC-112000-040925
93169,C-BTC-111600-040925
93168,C-BTC-111200-040925
93167,C-BTC-105600-040925
93166,C-BTC-106000-040925
93165,P-BTC-106000-040925
93164,P-BTC-111600-040925
93163,P-BTC-111200-040925
93162,C-ETH-4600-040925
93161,C-ETH-4560-040925
93160,C-ETH-4520-040925
93159,C-ETH-4160-040925
93158,C-ETH-4200-040925
93157,C-ETH-4240-040925
93156,P-ETH-4200-040925
93155,P-ETH-4240-040925
93154,P-ETH-4600-040925
93153,P-ETH-4560-040925
93152,P-ETH-4520-040925
93151,C-BTC-110800-040925
93150,C-BTC-110400-040925
93149,C-BTC-110000-040925
93148,C-BTC-106400-040925
93147,C-BTC-106800-040925
93146,C-BTC-107200-040925
93145,P-BTC-106400-040925
93144,P-BTC-106800-040925
93143,P-BTC-107200-040925
93142,P-BTC-110800-040925
93141,P-BTC-110400-040925
93140,P-BTC-110000-040925
93139,C-ETH-4300-040925
93138,C-ETH-4320-040925
93137,C-ETH-4340-040925
93136,C-ETH-4360-040925
93135,C-ETH-4380-040925
93134,C-ETH-4400-040925
93133,C-ETH-4420-040925
93132,C-ETH-4440-040925
93131,C-ETH-4460-040925
93130,C-ETH-4480-040925
93129,P-ETH-4300-040925
93128,P-ETH-4320-040925
93127,P-ETH-4340-040925
93126,P-ETH-4360-040925
93125,P-ETH-4380-040925
93124,P-ETH-4400-040925
93123,P-ETH-4420-040925
93122,P-ETH-4440-040925
93121,P-ETH-4460-040925
93120,P-ETH-4480-040925
93119,C-BTC-107800-040925
93118,C-BTC-108000-040925
93117,C-BTC-108200-040925
93116,C-BTC-108400-040925
93115,C-BTC-108600-040925
93114,C-BTC-108800-040925
93113,C-BTC-109000-040925
93112,C-BTC-109200-040925
93111,C-BTC-109400-040925
93110,C-BTC-109600-040925
93109,P-BTC-107800-040925
93108,P-BTC-108000-040925
93107,P-BTC-108200-040925
93106,P-BTC-108400-040925
93105,P-BTC-108600-040925
93104,P-BTC-108800-040925
93103,P-BTC-109000-040925
93102,P-BTC-109200-040925
93101,P-BTC-109400-040925
93100,P-BTC-109600-040925
93099,C-BTC-110600-030925
93098,P-BTC-110600-030925
93095,C-BTC-110200-030925
93094,P-BTC-110200-030925
93093,C-BTC-112400-030925
93092,P-BTC-112400-030925
93091,P-BTC-104000-030925
93090,C-BTC-106500-190925
93089,P-BTC-106500-190925
93088,C-BTC-106500-120925
93087,P-BTC-106500-120925
93086,C-BTC-106600-030925
93085,P-BTC-106600-030925
93080,C-BTC-104000-030925
93077,P-BTC-104400-030925
93076,C-BTC-107000-030925
93075,P-BTC-107000-030925
93070,C-BTC-104400-030925
93068,P-ETH-4160-030925
93067,P-BTC-104800-030925
93066,C-ETH-4300-030925
93065,P-ETH-4300-030925
93064,C-ETH-4160-030925
93063,C-ETH-4200-030925
93062,P-ETH-4200-030925
93061,C-ETH-4340-030925
93060,P-ETH-4340-030925
93059,P-BTC-112000-030925
93058,C-ETH-4360-030925
93057,P-ETH-4360-030925
93056,C-BTC-112000-030925
93055,C-BTC-109800-030925
93054,P-BTC-109800-030925
93053,P-BTC-111600-030925
93052,C-ETH-4580-030925
93051,P-ETH-4580-030925
93046,C-BTC-104800-030925
93045,P-ETH-4720-030925
93044,P-ETH-4240-030925
93043,C-BTC-107400-030925
93042,P-BTC-105200-030925
93041,P-BTC-107400-030925
93040,C-ETH-4720-030925
93039,C-ETH-4240-030925
93038,C-BTC-111600-030925
93037,C-BTC-111200-030925
93036,C-BTC-110800-030925
93035,C-BTC-105200-030925
93034,C-BTC-105600-030925
93033,C-BTC-106000-030925
93032,P-BTC-105600-030925
93031,P-BTC-106000-030925
93030,P-BTC-111200-030925
93029,P-BTC-110800-030925
93028,C-ETH-4680-030925
93027,C-ETH-4640-030925
93026,C-ETH-4600-030925
93025,C-ETH-4280-030925
93024,C-ETH-4320-030925
93023,P-ETH-4280-030925
93022,P-ETH-4320-030925
93021,P-ETH-4680-030925
93020,P-ETH-4640-030925
93019,P-ETH-4600-030925
93018,C-BTC-110400-030925
93017,C-BTC-110000-030925
93016,C-BTC-109600-030925
93015,C-BTC-106400-030925
93014,C-BTC-106800-030925
93013,C-BTC-107200-030925
93012,P-BTC-106400-030925
93011,P-BTC-106800-030925
93010,P-BTC-107200-030925
93009,P-BTC-110400-030925
93008,P-BTC-110000-030925
93007,P-BTC-109600-030925
93006,C-ETH-4380-030925
93005,C-ETH-4400-030925
93004,C-ETH-4420-030925
93003,C-ETH-4440-030925
93002,C-ETH-4460-030925
93001,C-ETH-4480-030925
93000,C-ETH-4500-030925
92999,C-ETH-4520-030925
92998,C-ETH-4540-030925
92997,C-ETH-4560-030925
92996,P-ETH-4380-030925
92995,P-ETH-4400-030925
92994,P-ETH-4420-030925
92993,P-ETH-4440-030925
92992,P-ETH-4460-030925
92991,P-ETH-4480-030925
92990,P-ETH-4500-030925
92989,P-ETH-4520-030925
92988,P-ETH-4540-030925
92987,P-ETH-4560-030925
92986,C-BTC-107600-030925
92985,C-BTC-107800-030925
92984,C-BTC-108000-030925
92983,C-BTC-108200-030925
92982,C-BTC-108400-030925
92981,C-BTC-108600-030925
92980,C-BTC-108800-030925
92979,C-BTC-109000-030925
92978,C-BTC-109200-030925
92977,C-BTC-109400-030925
92976,P-BTC-107600-030925
92975,P-BTC-107800-030925
92974,P-BTC-108000-030925
92973,P-BTC-108200-030925
92972,P-BTC-108400-030925
92971,P-BTC-108600-030925
92970,P-BTC-108800-030925
92969,P-BTC-109000-030925
92968,P-BTC-109200-030925
92967,P-BTC-109400-030925
92966,C-ETH-5300-190925
92953,P-ETH-5700-311025
92862,P-BTC-99000-190925
92861,P-BTC-95000-311025
92854,C-BTC-105500-050925
92853,P-BTC-105500-050925
92852,C-BTC-97000-260925
92842,C-BTC-98000-190925
92841,C-BTC-107500-190925
92840,P-BTC-107500-190925
92839,C-BTC-107500-120925
92838,P-BTC-107500-120925
92837,C-BTC-92000-311025
92835,P-BTC-99000-260925
92833,C-ETH-4200-190925
92832,P-ETH-4200-190925
92831,C-ETH-4150-260925
92830,P-ETH-4150-260925
92823,C-BTC-106500-050925
92822,P-BTC-106500-050925
92794,P-BTC-100000-190925
92793,P-ETH-3700-190925
92792,C-ETH-3400-311025
92780,C-BTC-108500-190925
92779,P-BTC-108500-190925
92778,P-BTC-96000-311025
92773,C-BTC-99000-190925
92770,C-BTC-93000-311025
92767,P-BTC-101000-190925
92763,C-BTC-100000-190925
92762,P-BTC-97000-311025
92761,P-ETH-3500-311025
92758,C-ETH-4550-190925
92757,P-ETH-4550-190925
92755,C-BTC-129000-311025
92754,C-ETH-5900-311025
92753,C-BTC-128000-311025
92752,C-BTC-127000-311025
92751,C-BTC-126000-311025
92750,C-BTC-94000-311025
92748,C-ETH-5800-311025
92747,C-ETH-5700-311025
92746,C-ETH-5600-311025
92745,P-ETH-5600-311025
92742,C-BTC-125000-311025
92741,C-BTC-124000-311025
92740,C-BTC-123000-311025
92739,C-BTC-95000-311025
92738,C-BTC-96000-311025
92737,C-BTC-97000-311025
92736,P-BTC-123000-311025
92735,C-ETH-5500-311025
92734,C-ETH-5400-311025
92733,C-ETH-5300-311025
92732,P-ETH-5500-311025
92731,P-ETH-5400-311025
92730,P-ETH-5300-311025
92729,C-BTC-122000-311025
92728,C-BTC-121000-311025
92727,C-BTC-120000-311025
92726,C-BTC-98000-311025
92725,C-BTC-99000-311025
92724,C-BTC-100000-311025
92723,P-BTC-98000-311025
92722,P-BTC-99000-311025
92721,P-BTC-100000-311025
92720,P-BTC-122000-311025
92719,P-BTC-121000-311025
92718,P-BTC-120000-311025
92714,P-ETH-5200-190925
92713,C-ETH-5200-311025
92712,C-ETH-5100-311025
92711,C-ETH-5000-311025
92710,C-ETH-3500-311025
92709,C-ETH-3600-311025
92708,C-ETH-3700-311025
92707,P-ETH-3600-311025
92706,P-ETH-3700-311025
92705,P-ETH-5200-311025
92704,P-ETH-5100-311025
92703,P-ETH-5000-311025
92701,C-BTC-119000-311025
92700,C-BTC-118000-311025
92699,C-BTC-117000-311025
92698,C-BTC-101000-311025
92697,C-BTC-102000-311025
92696,C-BTC-103000-311025
92695,P-BTC-101000-311025
92694,P-BTC-102000-311025
92693,P-BTC-103000-311025
92692,P-BTC-119000-311025
92691,P-BTC-118000-311025
92690,P-BTC-117000-311025
92687,C-ETH-4900-311025
92686,C-ETH-4800-311025
92685,C-ETH-4700-311025
92684,C-ETH-3800-311025
92683,C-ETH-3900-311025
92682,C-ETH-4000-311025
92681,P-ETH-3800-311025
92680,P-ETH-3900-311025
92679,P-ETH-4000-311025
92678,P-ETH-4900-311025
92677,P-ETH-4800-311025
92676,P-ETH-4700-311025
92675,C-BTC-116000-311025
92674,C-BTC-115000-311025
92673,C-BTC-114000-311025
92672,C-BTC-104000-311025
92671,C-BTC-105000-311025
92670,C-BTC-106000-311025
92669,P-BTC-104000-311025
92668,P-BTC-105000-311025
92667,P-BTC-106000-311025
92666,P-BTC-116000-311025
92665,P-BTC-115000-311025
92664,P-BTC-114000-311025
92663,C-ETH-5200-190925
92662,C-ETH-5100-190925
92661,P-ETH-5100-190925
92660,C-BTC-120000-190925
92659,C-BTC-119000-190925
92658,C-BTC-118000-190925
92657,C-BTC-101000-190925
92656,C-BTC-102000-190925
92655,P-BTC-102000-190925
92654,P-BTC-118000-190925
92653,C-ETH-5000-190925
92652,C-ETH-4900-190925
92651,C-ETH-4800-190925
92650,C-ETH-3700-190925
92649,C-ETH-3800-190925
92648,P-ETH-3800-190925
92647,P-ETH-5000-190925
92646,P-ETH-4900-190925
92645,P-ETH-4800-190925
92637,C-BTC-117000-190925
92636,C-BTC-116000-190925
92635,C-BTC-115000-190925
92634,C-BTC-103000-190925
92633,C-BTC-104000-190925
92632,C-BTC-105000-190925
92631,C-BTC-111500-190925
92630,P-BTC-103000-190925
92629,P-BTC-104000-190925
92628,P-BTC-105000-190925
92627,P-BTC-117000-190925
92626,P-BTC-116000-190925
92625,P-BTC-115000-190925
92624,P-BTC-111500-190925
92623,C-BTC-113000-311025
92622,P-BTC-113000-311025
92611,C-ETH-4700-190925
92610,C-ETH-4600-190925
92609,C-ETH-4500-190925
92608,C-ETH-3900-190925
92607,C-ETH-4000-190925
92606,C-ETH-4100-190925
92605,P-ETH-3900-190925
92604,P-ETH-4000-190925
92603,P-ETH-4100-190925
92602,P-ETH-4700-190925
92601,P-ETH-4600-190925
92600,P-ETH-4500-190925
92587,C-BTC-114000-190925
92586,C-BTC-113000-190925
92585,C-BTC-112000-190925
92584,C-BTC-106000-190925
92583,C-BTC-107000-190925
92582,C-BTC-108000-190925
92581,P-BTC-106000-190925
92580,P-BTC-107000-190925
92579,P-BTC-108000-190925
92578,P-BTC-114000-190925
92577,P-BTC-113000-190925
92576,P-BTC-112000-190925
92555,C-ETH-4250-190925
92554,C-ETH-4300-190925
92553,C-ETH-4350-190925
92552,C-ETH-4400-190925
92551,C-ETH-4450-190925
92550,P-ETH-4250-190925
92549,P-ETH-4300-190925
92548,P-ETH-4350-190925
92547,P-ETH-4400-190925
92546,P-ETH-4450-190925
92545,C-ETH-4100-311025
92544,C-ETH-4200-311025
92543,C-ETH-4300-311025
92542,C-ETH-4400-311025
92541,C-ETH-4500-311025
92540,C-ETH-4600-311025
92539,P-ETH-4100-311025
92538,P-ETH-4200-311025
92537,P-ETH-4300-311025
92536,P-ETH-4400-311025
92535,P-ETH-4500-311025
92534,P-ETH-4600-311025
92511,C-BTC-109000-190925
92510,C-BTC-109500-190925
92509,C-BTC-110000-190925
92508,C-BTC-110500-190925
92507,C-BTC-111000-190925
92506,P-BTC-109000-190925
92505,P-BTC-109500-190925
92504,P-BTC-110000-190925
92503,P-BTC-110500-190925
92502,P-BTC-111000-190925
92501,C-BTC-107500-050925
92500,P-BTC-107500-050925
92499,C-BTC-107000-311025
92498,C-BTC-108000-311025
92497,C-BTC-109000-311025
92496,C-BTC-110000-311025
92495,C-BTC-111000-311025
92494,C-BTC-112000-311025
92493,P-BTC-107000-311025
92492,P-BTC-108000-311025
92491,P-BTC-109000-311025
92490,P-BTC-110000-311025
92489,P-BTC-111000-311025
92488,P-BTC-112000-311025
92447,C-ETH-4250-260925
92446,P-ETH-4250-260925
92260,C-ETH-4350-260925
92259,P-ETH-4350-260925
92217,C-ETH-4450-260925
92216,P-ETH-4450-260925
92151,C-ETH-4550-260925
92150,C-ETH-4650-260925
92149,C-ETH-4750-260925
92148,P-ETH-4550-260925
92147,P-ETH-4650-260925
92146,P-ETH-4750-260925
92101,C-BTC-108500-120925
92100,P-BTC-108500-120925
92099,C-BTC-108500-050925
92098,P-BTC-108500-050925
92042,C-BTC-100000-120925
92041,C-BTC-109500-120925
92040,P-BTC-101000-120925
92039,P-BTC-109500-120925
92038,C-BTC-102000-050925
92037,C-BTC-109500-050925
92036,P-BTC-103000-050925
92035,P-BTC-109500-050925
92014,P-BTC-102000-120925
92006,C-BTC-101000-120925
91959,C-BTC-103000-050925
91958,P-BTC-104000-050925
91843,C-BTC-110500-120925
91842,P-BTC-110500-120925
91841,C-BTC-110500-050925
91840,P-BTC-110500-050925
91826,P-BTC-103000-120925
91764,P-ETH-6000-260925
91738,C-ETH-5700-050925
91728,P-ETH-5900-260925
91727,C-ETH-5050-120925
91726,P-ETH-5050-120925
91725,C-ETH-5050-050925
91724,P-ETH-5050-050925
91517,P-ETH-5600-050925
91510,C-BTC-118500-120925
91509,P-BTC-118500-120925
91507,P-BTC-125000-120925
91495,C-ETH-5800-120925
91494,C-ETH-4950-120925
91493,P-ETH-5700-120925
91492,P-ETH-4950-120925
91491,C-ETH-4950-050925
91490,P-ETH-4950-050925
91489,C-ETH-5600-050925
91470,P-ETH-5500-050925
91469,C-ETH-5700-120925
91468,P-ETH-5600-120925
91460,C-ETH-4850-120925
91459,P-ETH-4850-120925
91458,C-ETH-4850-050925
91457,P-ETH-4850-050925
91435,C-ETH-5600-120925
91433,C-BTC-127000-120925
91404,C-BTC-117500-120925
91403,P-BTC-117500-120925
91392,C-BTC-126000-120925
91383,C-ETH-4750-120925
91382,P-ETH-4750-120925
91346,C-ETH-5500-120925
91345,P-ETH-5500-120925
91341,C-BTC-125000-120925
91340,C-BTC-116500-120925
91339,P-BTC-116500-120925
91326,C-ETH-4650-120925
91325,P-ETH-4650-120925
91305,C-BTC-124000-120925
91280,C-ETH-5400-120925
91279,C-ETH-5300-120925
91278,P-ETH-5400-120925
91277,P-ETH-5300-120925
91270,C-BTC-115500-120925
91269,P-BTC-115500-120925
91262,C-ETH-4550-120925
91261,P-ETH-4550-120925
91246,C-BTC-114500-120925
91245,P-BTC-124000-120925
91244,P-BTC-123000-120925
91243,P-BTC-114500-120925
91234,C-ETH-5200-120925
91233,C-ETH-4450-120925
91232,P-ETH-5200-120925
91231,P-ETH-4450-120925
91222,C-BTC-123000-120925
91221,P-BTC-122000-120925
91220,P-BTC-121000-120925
91217,P-ETH-5100-120925
91211,C-ETH-5100-120925
91207,P-ETH-5000-120925
91203,C-BTC-122000-120925
91196,C-BTC-111000-120925
91195,P-BTC-111000-120925
91188,C-BTC-102000-120925
91187,C-ETH-4150-120925
91186,P-ETH-4150-120925
91181,C-ETH-3600-120925
91178,C-BTC-121000-120925
91177,C-BTC-120000-120925
91176,C-BTC-103000-120925
91175,C-BTC-104000-120925
91174,P-BTC-104000-120925
91173,P-BTC-120000-120925
91166,C-ETH-5000-120925
91165,C-ETH-4900-120925
91164,C-ETH-4800-120925
91163,C-ETH-3700-120925
91162,C-ETH-3800-120925
91161,P-ETH-3700-120925
91160,P-ETH-3800-120925
91159,P-ETH-4900-120925
91158,P-ETH-4800-120925
91147,C-BTC-119000-120925
91146,C-BTC-118000-120925
91145,C-BTC-117000-120925
91144,C-BTC-105000-120925
91143,C-BTC-106000-120925
91142,C-BTC-107000-120925
91141,P-BTC-105000-120925
91140,P-BTC-106000-120925
91139,P-BTC-107000-120925
91138,P-BTC-119000-120925
91137,P-BTC-118000-120925
91136,P-BTC-117000-120925
91123,C-ETH-4700-120925
91122,C-ETH-4600-120925
91121,C-ETH-4500-120925
91120,C-ETH-3900-120925
91119,C-ETH-4000-120925
91118,C-ETH-4100-120925
91117,P-ETH-3900-120925
91116,P-ETH-4000-120925
91115,P-ETH-4100-120925
91114,P-ETH-4700-120925
91113,P-ETH-4600-120925
91112,P-ETH-4500-120925
91099,C-BTC-116000-120925
91098,C-BTC-115000-120925
91097,C-BTC-114000-120925
91096,C-BTC-108000-120925
91095,C-BTC-109000-120925
91094,C-BTC-110000-120925
91093,P-BTC-108000-120925
91092,P-BTC-109000-120925
91091,P-BTC-110000-120925
91090,P-BTC-116000-120925
91089,P-BTC-115000-120925
91088,P-BTC-114000-120925
91067,C-ETH-4200-120925
91066,C-ETH-4250-120925
91065,C-ETH-4300-120925
91064,C-ETH-4350-120925
91063,C-ETH-4400-120925
91062,P-ETH-4200-120925
91061,P-ETH-4250-120925
91060,P-ETH-4300-120925
91059,P-ETH-4350-120925
91058,P-ETH-4400-120925
91035,C-BTC-111500-120925
91034,C-BTC-112000-120925
91033,C-BTC-112500-120925
91032,C-BTC-113000-120925
91031,C-BTC-113500-120925
91030,P-BTC-111500-120925
91029,P-BTC-112000-120925
91028,P-BTC-112500-120925
91027,P-BTC-113000-120925
91026,P-BTC-113500-120925
91005,C-BTC-111500-050925
91004,P-BTC-111500-050925
90766,C-ETH-3500-050925
90747,C-ETH-4050-050925
90746,P-ETH-4050-050925
90742,C-BTC-104000-050925
90741,P-BTC-105000-050925
90736,C-BTC-112500-050925
90735,P-BTC-112500-050925
90726,P-ETH-3600-050925
90705,C-BTC-113500-050925
90704,P-BTC-106000-050925
90703,P-BTC-113500-050925
90651,C-ETH-3600-050925
90520,C-BTC-105000-050925
90517,C-ETH-4150-050925
90516,P-ETH-4150-050925
90484,P-ETH-3700-050925
90483,C-BTC-114500-050925
90482,P-BTC-114500-050925
90475,C-ETH-4250-050925
90474,P-ETH-4250-050925
90458,C-ETH-3700-050925
90456,P-BTC-107000-050925
90435,C-BTC-106000-050925
90426,C-BTC-115500-050925
90425,P-BTC-115500-050925
90416,P-BTC-108000-050925
90181,C-ETH-4350-050925
90180,P-ETH-4350-050925
90171,P-ETH-3800-050925
90168,C-BTC-107000-050925
90164,C-ETH-3800-050925
90162,C-BTC-116500-050925
90161,P-BTC-116500-050925
90151,P-BTC-109000-050925
90148,C-ETH-4450-050925
90147,P-ETH-4450-050925
90145,P-ETH-3900-050925
90132,C-ETH-4500-050925
90131,P-ETH-4500-050925
90129,C-ETH-3900-050925
90123,C-BTC-108000-050925
90122,C-BTC-117500-050925
90121,P-BTC-117500-050925
90120,P-BTC-110000-050925
90111,C-BTC-118000-050925
90110,P-BTC-118000-050925
90106,P-ETH-4000-050925
90104,C-BTC-109000-050925
90103,C-ETH-5500-050925
90102,C-ETH-5400-050925
90101,P-ETH-5400-050925
90100,C-BTC-128000-050925
90099,C-BTC-127000-050925
90098,C-BTC-110000-050925
90097,C-BTC-111000-050925
90096,P-BTC-111000-050925
90094,C-ETH-5300-050925
90093,C-ETH-5200-050925
90092,C-ETH-5100-050925
90091,C-ETH-4000-050925
90090,C-ETH-4100-050925
90089,P-ETH-4100-050925
90088,P-ETH-5300-050925
90087,P-ETH-5200-050925
90086,P-ETH-5100-050925
90084,C-BTC-126000-050925
90083,C-BTC-125000-050925
90082,C-BTC-124000-050925
90081,C-BTC-112000-050925
90080,C-BTC-113000-050925
90079,C-BTC-114000-050925
90078,P-BTC-112000-050925
90077,P-BTC-113000-050925
90076,P-BTC-114000-050925
90075,P-BTC-126000-050925
90074,P-BTC-125000-050925
90073,P-BTC-124000-050925
90062,C-ETH-5000-050925
90061,C-ETH-4900-050925
90060,C-ETH-4800-050925
90059,C-ETH-4200-050925
90058,C-ETH-4300-050925
90057,C-ETH-4400-050925
90056,P-ETH-4200-050925
90055,P-ETH-4300-050925
90054,P-ETH-4400-050925
90053,P-ETH-5000-050925
90052,P-ETH-4900-050925
90051,P-ETH-4800-050925
90038,C-BTC-123000-050925
90037,C-BTC-122000-050925
90036,C-BTC-121000-050925
90035,C-BTC-115000-050925
90034,C-BTC-116000-050925
90033,C-BTC-117000-050925
90032,P-BTC-115000-050925
90031,P-BTC-116000-050925
90030,P-BTC-117000-050925
90029,P-BTC-123000-050925
90028,P-BTC-122000-050925
90027,P-BTC-121000-050925
90006,C-ETH-4550-050925
90005,C-ETH-4600-050925
90004,C-ETH-4650-050925
90003,C-ETH-4700-050925
90002,C-ETH-4750-050925
90001,P-ETH-4550-050925
90000,P-ETH-4600-050925
89999,P-ETH-4650-050925
89998,P-ETH-4700-050925
89997,P-ETH-4750-050925
89976,C-BTC-118500-050925
89975,C-BTC-119000-050925
89974,C-BTC-119500-050925
89973,C-BTC-120000-050925
89972,C-BTC-120500-050925
89971,P-BTC-118500-050925
89970,P-BTC-119000-050925
89969,P-BTC-119500-050925
89968,P-BTC-120000-050925
89967,P-BTC-120500-050925
89754,AIOUSD
89753,ZORAUSD
89752,TOWNSUSD
89751,PROVEUSD
89750,ENSUSD
89749,SKLUSD
89740,P-BTC-135000-260925
89680,C-ETH-6100-260925
89634,P-ETH-5800-260925
89527,C-ETH-6000-260925
89525,P-ETH-5700-260925
89510,C-ETH-5900-260925
89485,C-ETH-5800-260925
89484,P-ETH-5600-260925
89474,P-ETH-5500-260925
89448,C-ETH-5700-260925
89419,P-ETH-5400-260925
89363,C-ETH-5600-260925
88955,P-ETH-5300-260925
88944,C-ETH-5500-260925
88840,P-ETH-5200-260925
88800,C-ETH-5400-260925
88772,C-ETH-5300-260925
88771,P-ETH-5100-260925
88761,P-ETH-5000-260925
88005,P-BTC-100000-260925
87975,C-ETH-2700-260925
87838,P-ETH-2800-260925
87821,C-ETH-2800-260925
87765,P-ETH-2900-260925
87052,C-ETH-5200-260925
87050,P-ETH-4900-260925
87030,C-BTC-141000-260925
87007,P-BTC-134000-260925
86893,C-ETH-5100-260925
86806,C-BTC-140000-260925
86805,P-BTC-133000-260925
86796,P-ETH-4800-260925
86792,C-BTC-139000-260925
86771,P-BTC-101000-260925
86764,C-BTC-98000-260925
86761,C-ETH-2900-260925
86752,P-BTC-132000-260925
86751,C-BTC-138000-260925
86750,C-BTC-137000-260925
86749,C-BTC-136000-260925
86748,C-BTC-135000-260925
86747,C-BTC-134000-260925
86746,C-BTC-133000-260925
86745,C-BTC-132000-260925
86744,C-BTC-99000-260925
86743,C-BTC-131000-260925
86742,C-BTC-130000-260925
86741,C-BTC-129000-260925
86740,C-BTC-100000-260925
86739,C-BTC-101000-260925
86738,P-BTC-131000-260925
86737,P-BTC-130000-260925
86736,P-BTC-129000-260925
86735,C-ETH-5000-260925
86734,C-BTC-128000-260925
86733,C-BTC-127000-260925
86732,C-BTC-126000-260925
86731,C-BTC-102000-260925
86730,C-BTC-103000-260925
86729,C-BTC-104000-260925
86728,P-BTC-102000-260925
86727,P-BTC-103000-260925
86726,P-BTC-104000-260925
86725,P-BTC-128000-260925
86724,P-BTC-127000-260925
86723,P-BTC-126000-260925
86722,C-ETH-4900-260925
86721,C-ETH-4800-260925
86720,C-ETH-4700-260925
86719,C-ETH-3000-260925
86718,C-ETH-3100-260925
86717,P-ETH-3000-260925
86716,P-ETH-3100-260925
86715,P-ETH-4700-260925
86714,C-BTC-125000-260925
86713,C-BTC-124000-260925
86712,C-BTC-123000-260925
86711,C-BTC-105000-260925
86710,C-BTC-106000-260925
86709,C-BTC-107000-260925
86708,P-BTC-105000-260925
86707,P-BTC-106000-260925
86706,P-BTC-107000-260925
86705,P-BTC-125000-260925
86704,P-BTC-124000-260925
86703,P-BTC-123000-260925
86702,C-ETH-4600-260925
86701,C-ETH-4500-260925
86700,C-ETH-4400-260925
86699,C-ETH-3200-260925
86698,C-ETH-3300-260925
86697,C-ETH-3400-260925
86696,P-ETH-3200-260925
86695,P-ETH-3300-260925
86694,P-ETH-3400-260925
86693,P-ETH-4600-260925
86692,P-ETH-4500-260925
86691,P-ETH-4400-260925
86690,C-BTC-122000-260925
86689,C-BTC-121000-260925
86688,C-BTC-120000-260925
86687,C-BTC-108000-260925
86686,C-BTC-109000-260925
86685,C-BTC-110000-260925
86684,P-BTC-108000-260925
86683,P-BTC-109000-260925
86682,P-BTC-110000-260925
86681,P-BTC-122000-260925
86680,P-BTC-121000-260925
86679,P-BTC-120000-260925
86678,C-ETH-4300-260925
86677,C-ETH-4200-260925
86676,C-ETH-4100-260925
86675,P-ETH-4300-260925
86674,P-ETH-4200-260925
86673,P-ETH-4100-260925
86671,C-BTC-111000-260925
86670,C-BTC-112000-260925
86669,C-BTC-113000-260925
86668,P-BTC-111000-260925
86667,P-BTC-112000-260925
86666,P-BTC-113000-260925
86537,C-ETH-3500-260925
86536,C-ETH-3600-260925
86535,C-ETH-3700-260925
86534,C-ETH-3800-260925
86533,C-ETH-3900-260925
86532,C-ETH-4000-260925
86531,P-ETH-3500-260925
86530,P-ETH-3600-260925
86529,P-ETH-3700-260925
86528,P-ETH-3800-260925
86527,P-ETH-3900-260925
86526,P-ETH-4000-260925
86495,C-BTC-114000-260925
86494,C-BTC-115000-260925
86493,C-BTC-116000-260925
86492,C-BTC-117000-260925
86491,C-BTC-118000-260925
86490,C-BTC-119000-260925
86489,P-BTC-114000-260925
86488,P-BTC-115000-260925
86487,P-BTC-116000-260925
86486,P-BTC-117000-260925
86485,P-BTC-118000-260925
86484,P-BTC-119000-260925
84928,AINUSD
84927,SAHARAUSD
84926,HUSD
84925,MUSD
84924,CROSSUSD
84923,PUMPUSD
78846,BTC-T
78845,BIDUSD
78844,MEUSD
78843,SOPHUSD
78842,MASKUSD
78841,HYPEUSD
74314,WCTUSD
74313,SIGNUSD
74312,MEMEFIUSD
74311,DEEPUSD
74310,INITUSD
68178,1000XUSD
68177,API3USD
68176,MUBARAKUSD
68175,BMTUSD
67711,LAYERUSD
67710,RAREUSD
67709,REDUSD
67708,AUCTIONUSD
62784,KAITOUSD
62733,PIUSD
62645,GLMUSD
62644,TSTUSD
62643,BAKEUSD
62642,CAKEUSD
62641,IPUSD
61134,BERAUSD
59172,VVVUSD
58359,VINEUSD
58223,ARCUSD
58212,AVAAIUSD
58205,SOLVUSD
58204,VANAUSD
58203,COOKIEUSD
58202,SUSD
57815,GRIFFAINUSD
57814,JUPUSD
57813,SWARMSUSD
57812,MELANIAUSD
57227,TRUMPUSD
55661,SPXUSD
55660,HIVEUSD
55659,SONICUSD
55653,BIOUSD
55652,MOVEUSD
55651,PENGUUSD
54906,AIXBTUSD
54905,AI16ZUSD
54904,USUALUSD
54903,VIRTUALUSD
54902,FARTCOINUSD
50354,1000SATSUSD
50353,1MBABYDOGEUSD
50123,JASMYUSD
50122,DOGSUSD
49179,MOODENGUSD
49178,SUNUSD
49177,OMUSD
49170,IOTAUSD
49168,RSRUSD
47612,GOATUSD
47611,KSMUSD
47598,XLMUSD
47597,SANDUSD
47596,MANAUSD
45540,POPCATUSD
45539,ACTUSD
45538,PNUTUSD
40004,SAGAUSD
40003,NEIROUSD
39943,POLUSD
39942,EIGENUSD
27913,MANTAUSD
27912,GALAUSD
27911,BLURUSD
27910,OMNIUSD
26540,TAOUSD
26539,LISTAUSD
26459,ZKUSD
26458,IOUSD
26457,ZROUSD
23235,BBUSD
23234,NOTUSD
23233,ETHFIUSD
23232,PEOPLEUSD
21526,DYDXUSD
21525,SUSHIUSD
21524,MKRUSD
21523,ARUSD
21522,RUNEUSD
20197,XAIUSD
20196,APTUSD
20195,STXUSD
20194,ALTUSD
20193,TRXUSD
19618,OPUSD
19617,FILUSD
19616,LDOUSD
19615,ETCUSD
19614,TRBUSD
19302,ENAUSD
19301,PENDLEUSD
19300,ONDOUSD
19299,AAVEUSD
19298,JTOUSD
18288,HBARUSD
18287,ORDIUSD
18286,MEMEUSD
18285,FLOKIUSD
18284,PEPEUSD
17331,ARBUSD
17330,TIAUSD
17329,SEIUSD
17328,SUIUSD
17326,WLDUSD
16622,INJUSD
16617,ALGOUSD
16615,NEARUSD
16614,ADAUSD
16599,ATOMUSD
16119,BONKUSD
16118,SHIBUSD
15367,WIFUSD
15304,DOTUSD
15303,UNIUSD
15042,BNBUSD
15041,LINKUSD
15040,LTCUSD
15001,BCHUSD
14969,XRPUSD
14830,AVAXUSD
14823,SOLUSD
14745,DOGEUSD
3136,ETHUSD
27,BTCUSD
